oaci,ciad,nome,municipio,lon,lat,operacao,validade_registro,portaria
SIMM,SP0529,EDIFÍCIO CORPORATE PARK,SÃO PAULO,-46.67222222222222,-23.587444444444444,VFR Diurna/Noturna,19/08/2021,PA2018-3970
SNVO,SP0733,Vigor,SÃO PAULO,-46.60388888888889,-23.533055555555556,VFR Diurna/Noturna,12/02/2025,PA2019-0178
SSUF,SP0884,Rede D'Or São Luiz Anália Franco,SÃO PAULO,-46.55833333333333,-23.54888888888889,VFR Diurna/Noturna,,
SDNR,SP0391,Banco Santander,SÃO PAULO,-46.71388888888889,-23.65222222222222,VFR Diurna/Noturna,24/09/2023,PA2018-0644
SNIL,SP0847,HBR Lead Corporate Faria Lima,SÃO PAULO,-46.680138888888884,-23.592,VFR Diurna/Noturna,,
SWDJ,SP0872,Trend Tower,BARUERI,-46.85527777777778,-23.485666666666667,VFR Diurna/Noturna,,
SDAX,SP0293,Bradesco - Sta Cecília,SÃO PAULO,-46.649166666666666,-23.540000000000003,VFR Diurna/Noturna,04/08/2021,PA2011-1499
SSUH,SP0781,Helinorte,SÃO PAULO,-46.580555555555556,-23.415,VFR Diurna,23/06/2026,PA2016-1569
SDCQ,SP0305,Mediterrâneo,COTIA,-46.85302777777778,-23.593166666666665,VFR Diurna/Noturna,01/10/2023,PA2013-2547
SDEF,SP0315,Eco Fly,FERRAZ DE VASCONCELOS,-46.38611111111111,-23.53222222222222,VFR Diurna/Noturna,27/11/2024,PA2014-2821
SDMN,SP0385,Continental Tower,SÃO PAULO,-46.69916666666666,-23.601666666666667,VFR Diurna/Noturna,02/05/2023,PA2016-1331
SDEL,SP0319,Condomínio Edifício Spazio JK,SÃO PAULO,-46.68555555555555,-23.59111111111111,VFR Diurna/Noturna,06/03/2023,PA2017-0153
SDEW,SP0321,Júlio Simões - Garagem,MOGI DAS CRUZES,-46.229305555555555,-23.54188888888889,VFR Diurna/Noturna,17/07/2025,PA2015-1888
SDEY,SP0323,Imigrantes,DIADEMA,-46.60527777777778,-23.68888888888889,VFR Diurna,06/02/2025,PA2015-0286
SDEZ,SP0324,Unibanco Eusébio Matoso,SÃO PAULO,-46.69888888888889,-23.572499999999998,VFR Diurna/Noturna,17/04/2023,PA2013-0980
SDFM,SP0327,DJY,SÃO PAULO,-46.68527777777778,-23.5975,VFR Diurna/Noturna,24/07/2024,PA2014-1676
SDFP,SP0329,Folha de São Paulo,SÃO PAULO,-46.645833333333336,-23.53777777777778,VFR Diurna,06/03/2023,PA2013-0573
SDFV,SP0331,Federação Paulista de Futebol,SÃO PAULO,-46.66719444444444,-23.521666666666665,VFR Diurna/Noturna,06/01/2021,PA2011-0009
SDFW,SP0332,Condomínio Edifício San Paolo,SÃO PAULO,-46.687777777777775,-23.575,VFR Diurna/Noturna,04/03/2023,PA2013-1286
SDGE,SP0334,Casas Bahia,SÃO CAETANO DO SUL,-46.57055555555556,-23.610277777777778,VFR Diurna/Noturna,08/08/2021,PA2011-1496
SDGG,SP0335,Aché Faria Lima,SÃO PAULO,-46.69416666666666,-23.560833333333335,VFR Diurna/Noturna,11/03/2021,PA2011-0453
SDGO,SP0338,Braspress,GUARULHOS,-46.48555555555556,-23.454166666666666,VFR Diurna/Noturna,06/05/2025,PA2015-1055
SDGS,SP0339,Bertolucci,SÃO PAULO,-46.680277777777775,-23.585555555555555,VFR Diurna/Noturna,,
SDGW,SP0340,JKFC,SÃO PAULO,-46.67472222222222,-23.586666666666666,VFR Diurna/Noturna,06/03/2023,PA2013-0571
SDGZ,SP0341,Bradesco Cidade de Deus,OSASCO,-46.77222222222222,-23.54888888888889,VFR Diurna/Noturna,12/08/2021,PA2011-1528
SDHB,SP0342,Bradesco,OSASCO,-46.76833333333333,-23.548055555555557,VFR Diurna/Noturna,10/02/2021,PA2011-0225
SDHG,SP0344,Málaga,OSASCO,-46.778055555555554,-23.481666666666666,VFR Diurna/Noturna,20/12/2021,PA2011-2468
SDHI,SP0345,Hospital Gastroclínica,SÃO PAULO,-46.651666666666664,-23.595,VFR Diurna/Noturna,22/02/2021,PA2011-0333
SDHO,SP0346,Bradesco - Santo André,SANTO ANDRÉ,-46.52833333333333,-23.65583333333333,VFR Diurna,03/11/2021,PA2011-2123
SDHQ,SP0347,Shopping Leste Aricanduva,SÃO PAULO,-46.50472222222222,-23.5675,VFR Diurna,07/10/2023,PA2013-2598
SDHT,SP0348,Cetenco Plaza - Torre Norte,SÃO PAULO,-46.657583333333335,-23.558861111111113,VFR Diurna,26/04/2022,PA2013-1293
SDHV,SP0349,Hospital Albert Einstein,SÃO PAULO,-46.71527777777778,-23.60027777777778,VFR Diurna/Noturna,18/07/2023,PA2013-1854
SDHW,SP0350,Hospital Bandeirantes,SÃO PAULO,-46.63477777777778,-23.55761111111111,VFR Diurna/Noturna,04/07/2022,PA2013-0802
SDEG,SP0316,Evolution Corporate,BARUERI,-46.85111111111111,-23.504444444444445,VFR Diurna/Noturna,04/02/2024,PA2014-0289
SDEI,SP0317,Canopus Corporate Alphaville,BARUERI,-46.844722222222224,-23.503888888888888,VFR Diurna/Noturna,04/02/2023,PA2015-0290
SDAH,SP0287,Signo Resgate Alphaville,BARUERI,-46.848333333333336,-23.49361111111111,VFR Diurna/Noturna,23/07/2024,PA2016-2099
SDAP,SP0290,Hospital Paulistano,SÃO PAULO,-46.64227777777778,-23.565250000000002,VFR Diurna/Noturna,03/05/2022,PA2013-1290
SDAT,SP0291,Hospital e Maternidade Vitória,SÃO PAULO,-46.56166666666666,-23.563055555555557,VFR Diurna/Noturna,06/04/2021,PA2011-0666
SDAW,SP0292,Banco Industrial,SÃO PAULO,-46.68555555555555,-23.591944444444444,VFR Diurna,19/03/2023,PA2013-0724
SDBF,SP0295,Porto Seguro,SÃO PAULO,-46.64533333333333,-23.530388888888886,VFR Diurna/Noturna,10/12/2022,PA2012-2684
SDBH,SP0296,Bandeirantes,SÃO PAULO,-46.71072222222222,-23.595166666666664,VFR Diurna,28/02/2024,PA2014-0485
SDBL,SP0297,BFC,SÃO PAULO,-46.65416666666667,-23.56222222222222,VFR Diurna/Noturna,08/02/2022,PA2015-0289
SDBM,SP0298,Beneficência Portuguesa,SÃO PAULO,-46.64138888888889,-23.567777777777778,VFR Diurna/Noturna,13/09/2022,PA2012-1826
SDBR,SP0299,REC Berrini,SÃO PAULO,-46.69444444444444,-23.608333333333334,VFR Diurna/Noturna,31/12/9999,PA2014-0064
SDBS,SP0300,Os Bandeirantes,SÃO PAULO,-46.68722222222222,-23.57611111111111,VFR Diurna/Noturna,30/11/2021,PA2015-1858
SDBW,SP0302,Banespa República,SÃO PAULO,-46.644444444444446,-23.54361111111111,VFR Diurna,30/05/2022,PA2012-1074
SDCV,SP0306,Citibank,SÃO PAULO,-46.65361111111111,-23.565,VFR Diurna/Noturna,08/07/2021,PA2011-1320
SDCY,SP0307,Camargo Corrêa,SÃO PAULO,-46.687777777777775,-23.591666666666665,VFR Diurna/Noturna,03/11/2021,PA2016-0187
SDDH,SP0309,Birmann 29,SÃO PAULO,-46.68119444444444,-23.58872222222222,VFR Diurna/Noturna,20/08/2022,PA2013-1288
SDDP,SP0310,Delta Plaza,SÃO PAULO,-46.645833333333336,-23.5675,VFR Diurna,,
SDDS,SP0311,Sucupira,SÃO PAULO,-46.70333333333333,-23.624166666666667,VFR Diurna/Noturna,05/09/2028,PA2018-2626
SDEA,SP0313,Edifício HSBC Tower,SÃO PAULO,-46.68388888888889,-23.583055555555557,VFR Diurna/Noturna,01/10/2023,PA2013-2551
SDVU,SP0437,Conde Francisco Matarazzo,SÃO PAULO,-46.65286111111111,-23.563444444444446,VFR Diurna/Noturna,14/09/2025,PA2018-3424
SDVV,SP0438,Cragea-Suzano,SUZANO,-46.32222222222222,-23.641944444444444,VFR Diurna/Noturna,19/12/2023,PA2013-3326
SDWB,SP0440,CYK,SÃO PAULO,-46.651666666666664,-23.566111111111113,VFR Diurna/Noturna,,
SDWS,SP0441,Helicentro ALLTA,BARUERI,-46.919444444444444,-23.502777777777776,VFR Diurna/Noturna,06/03/2025,PA2015-0553
SDXP,SP0444,Guararema Parque Hotel,GUARAREMA,-46.02027777777778,-23.424166666666668,VFR Diurna,08/11/2020,PA2018-1863
SDXQ,SP0445,Internacional Plaza II,SÃO PAULO,-46.68227777777778,-23.591166666666666,VFR Diurna/Noturna,16/10/2022,PA2018-3002
SDYA,SP0449,Carmo Couri,SÃO PAULO,-46.68527777777778,-23.596666666666664,VFR Diurna,13/02/2023,PA2013-0391
SICG,SP0473,Rede TV,OSASCO,-46.76305555555555,-23.520833333333332,VFR Diurna/Noturna,01/03/2022,PA2016-3461
SDYO,SP0451,Hospital Santa Marcelina,SÃO PAULO,-46.461444444444446,-23.553722222222223,VFR Diurna/Noturna,12/04/2022,PA2013-1281
SDYR,SP0453,Panco II,SÃO PAULO,-46.69944444444444,-23.599444444444444,VFR Diurna,10/03/2024,PA2014-0530
SDYV,SP0454,SECOVI,SÃO PAULO,-46.64833333333333,-23.603611111111114,VFR Diurna/Noturna,11/02/2025,PA2015-0337
SDYZ,SP0455,Kuka,SÃO PAULO,-46.60136111111111,-23.569166666666668,VFR Diurna,11/12/2023,PA2013-3242
SDZE,SP0458,Ita,ITAPECERICA DA SERRA,-46.828611111111115,-23.70138888888889,VFR Diurna/Noturna,14/09/2025,PA2015-2400
SDZR,SP0460,SESI-FIESP,SÃO PAULO,-46.654694444444445,-23.563750000000002,VFR Diurna/Noturna,17/04/2023,PA2018-2853
SIAA,SP0462,Aeroandrés,MAIRIPORÃ,-46.638888888888886,-23.395222222222223,VFR Diurna,11/10/2020,PA2013-1394
SIEE,SP0483,Ecovias Imigrantes,SÃO BERNARDO DO CAMPO,-46.59655555555556,-23.784444444444446,VFR Diurna/Noturna,12/02/2025,PA2015-1857
SIAV,SP0464,Helipark,CARAPICUÍBA,-46.83027777777778,-23.564722222222223,VFR Diurna/Noturna,16/07/2022,PA2014-1400
SIBB,SP0465,Edifício Comendador Alberto Bonfiglioli,SÃO PAULO,-46.651944444444446,-23.564444444444444,VFR Diurna/Noturna,18/07/2023,PA2013-1853
SIBG,SP0466,Banco Induscred,SÃO PAULO,-46.65580555555555,-23.56438888888889,VFR Diurna/Noturna,13/02/2023,PA2013-2319
SIBH,SP0467,Helicidade,SÃO PAULO,-46.73694444444445,-23.546666666666667,VFR Diurna/Noturna,12/04/2022,PA2012-0664
SIBS,SP0470,E-Business Bosque,SÃO PAULO,-46.71027777777778,-23.511944444444445,VFR Diurna/Noturna,30/12/2024,PA2014-3165
SICZ,SP0477,Edifício Comercial Lorena,SÃO PAULO,-46.65563888888889,-23.57338888888889,VFR Diurna/Noturna,16/01/2023,PA2013-0111
SIDA,SP0478,Edifício Dakota,SÃO PAULO,-46.683611111111105,-23.594444444444445,VFR Diurna/Noturna,13/06/2022,PA2015-1362
SIDE,SP0479,Polícia Federal,SÃO PAULO,-46.70444444444445,-23.511388888888888,VFR Diurna/Noturna,24/01/2023,PA2013-0197
SIDH,SP0480,Brascan Century Plaza Green Valley Commercial,BARUERI,-46.86416666666667,-23.485555555555557,VFR Diurna/Noturna,07/11/2024,PA2015-2929
SDHY,SP0351,Edifício São Luís Gonzaga,SÃO PAULO,-46.661138888888885,-23.556694444444446,VFR Diurna/Noturna,11/07/2022,PA2013-0800
SDII,SP0354,iTower,BARUERI,-46.84930555555556,-23.504722222222224,VFR Diurna/Noturna,08/07/2021,PA2015-3191
SDIT,SP0357,Itaú NPD Paulista,SÃO PAULO,-46.658055555555556,-23.576666666666668,VFR Diurna/Noturna,24/01/2023,PA2013-0195
SDIW,SP0358,Edifício São Paulo Trade Building,SÃO PAULO,-46.68944444444444,-23.594166666666666,VFR Diurna/Noturna,20/06/2021,PA2013-2323
SDJK,SP0363,Centro Empresarial Araguaia,BARUERI,-46.841944444444444,-23.501944444444444,VFR Diurna/Noturna,05/06/2025,PA2017-0467
SDJP,SP0365,Igreja Mundial do Poder de Deus - IMPD,SÃO PAULO,-46.62075,-23.550833333333333,VFR Diurna/Noturna,19/11/2028,PA2018-3335
SDKG,SP0371,Francisco Mellão,SÃO PAULO,-46.68861111111111,-23.59361111111111,VFR Diurna/Noturna,10/04/2024,PA2014-0867
SDKM,SP0373,Hotel Emiliano,SÃO PAULO,-46.665277777777774,-23.566111111111113,VFR Diurna/Noturna,12/04/2022,PA2014-3143
SDKT,SP0375,Edifício Dacon,SÃO PAULO,-46.68388888888889,-23.580555555555556,VFR Diurna/Noturna,22/08/2023,PA2017-0651
SDKV,SP0377,Rede Globo,SÃO PAULO,-46.69694444444444,-23.614722222222223,VFR Diurna/Noturna,07/07/2021,PA2015-1890
SDKY,SP0379,Hospital das Clínicas,SÃO PAULO,-46.66927777777777,-23.558055555555555,VFR Diurna/Noturna,19/03/2023,PA2013-0719
SDLB,SP0380,Metropolitan Office,SÃO PAULO,-46.682694444444444,-23.581194444444446,VFR Diurna/Noturna,07/03/2022,PA2013-0801
SDMZ,SP0387,Mercedes-Benz do Brasil ,SÃO BERNARDO DO CAMPO,-46.57944444444445,-23.66333333333333,VFR Diurna/Noturna,10/03/2024,PA2015-0315
SDNP,SP0390,Condomínio Conde Matarazzo,SÃO PAULO,-46.63763888888889,-23.547666666666668,VFR Diurna/Noturna,24/01/2023,PA2013-0191
SDOC,SP0392,Hospital do Coração,SÃO PAULO,-46.643055555555556,-23.573055555555555,VFR Diurna/Noturna,24/02/2022,PA2012-0350
SDOF,SP0393,Edifício Palladio,SÃO PAULO,-46.68555555555555,-23.59472222222222,VFR Diurna/Noturna,23/07/2025,PA2015-1950
SDNN,SP0389,Birmann 21,SÃO PAULO,-46.70227777777778,-23.565361111111113,VFR Diurna/Noturna,25/05/2021,PA2018-3003
SDOH,SP0395,Pedreira Pau Pedra,GUARULHOS,-46.42583333333333,-23.350833333333334,VFR Diurna/Noturna,10/08/2025,PA2015-2134
SDON,SP0397,Ônix,SÃO PAULO,-46.72222222222222,-23.55138888888889,VFR Diurna/Noturna,08/02/2022,PA2015-0704
SDOT,SP0399,Attilio Tinelli,SÃO PAULO,-46.69361111111111,-23.602500000000003,VFR Diurna/Noturna,19/08/2021,PA2018-2579
SDPK,SP0402,Panco I,SÃO PAULO,-46.49491666666667,-23.528027777777776,VFR Diurna/Noturna,04/09/2022,PA2013-0797
SDPL,SP0403,Ibirapuera Park Hotel Ltda,SÃO PAULO,-46.64944444444444,-23.592777777777776,VFR Diurna/Noturna,19/08/2021,PA2017-2033
SDPM,SP0404,Palácio dos Bandeirantes,SÃO PAULO,-46.713055555555556,-23.600555555555555,VFR Diurna/Noturna,04/11/2023,PA2013-2823
SDPO,SP0405,Plaza Centenário,SÃO PAULO,-46.69583333333333,-23.60527777777778,VFR Diurna,13/02/2023,PA2013-0388
SDPS,SP0406,Hospital Estadual Mário Covas,SANTO ANDRÉ,-46.532777777777774,-23.670833333333334,VFR Diurna/Noturna,11/08/2024,PA2014-1863
SDPT,SP0407,Parque Paulista,SÃO PAULO,-46.659166666666664,-23.560277777777777,VFR Diurna/Noturna,25/01/2023,PA2013-0231
SDQP,SP0410,Parque Cultural Paulista,SÃO PAULO,-46.64555555555555,-23.571666666666665,VFR Diurna/Noturna,28/08/2022,PA2016-2470
SDQV,SP0411,Pavão,GUARULHOS,-46.410555555555554,-23.43277777777778,VFR Diurna/Noturna,,
SDQW,SP0412,Guararema,GUARAREMA,-46.12861111111111,-23.32638888888889,VFR Diurna/Noturna,11/09/2024,PA2014-2119
SDRB,SP0414,Renaissance Hotel,SÃO PAULO,-46.66222222222222,-23.55888888888889,VFR Diurna/Noturna,10/03/2024,PA2014-0533
SDFO,SP0328,Centro Gráfico - Folha,SANTANA DE PARNAÍBA,-46.86055555555556,-23.46638888888889,VFR Diurna/Noturna,01/11/2021,PA2011-2121
SDRN,SP0415,Zarzur,SÃO PAULO,-46.69194444444444,-23.57,VFR Diurna/Noturna,,
SDTC,SP0422,Edifício Edel Trade Center,SÃO PAULO,-46.660555555555554,-23.602500000000003,VFR Diurna/Noturna,24/09/2023,PA2014-0868
SDTN,SP0426,REC Berrini TNU,SÃO PAULO,-46.69669444444444,-23.608027777777778,VFR Diurna/Noturna,11/02/2024,PA2014-0327
SDTU,SP0428,Itaúsa,SÃO PAULO,-46.641666666666666,-23.636388888888888,VFR Diurna/Noturna,30/01/2023,PA2013-0272
SDUI,SP0430,Centro Empresarial Iudice,SÃO PAULO,-46.69472222222222,-23.51361111111111,VFR Diurna/Noturna,18/12/2022,PA2015-0913
SDVR,SP0436,Pátio Victor Malzoni,SÃO PAULO,-46.681666666666665,-23.586666666666666,VFR Diurna/Noturna,26/01/2025,PA2015-0176
SJMC,SP0633,Monte Carlo Trade Center,BARUERI,-46.85194444444445,-23.493055555555557,VFR Diurna/Noturna,08/06/2025,PA2015-1366
SJMG,SP0634,Mega Mix,SÃO PAULO,-46.618611111111115,-23.535833333333336,VFR Diurna/Noturna,26/01/2025,PA2015-0181
SJNS,SP0636,Grupo Souza Lima  ,SÃO PAULO,-46.544444444444444,-23.534722222222225,VFR Diurna/Noturna,01/03/2027,PA2017-0618
SJOL,SP0640,RS Morizono,BARUERI,-46.836111111111116,-23.508055555555554,VFR Diurna/Noturna,05/04/2022,PA2012-0634
SJON,SP0641,Jordanésia,CAJAMAR,-46.85444444444445,-23.354722222222225,VFR Diurna,06/02/2025,PA2015-0279
SJOZ,SP0644,Faria Lima Square,SÃO PAULO,-46.68277777777777,-23.58861111111111,VFR Diurna/Noturna,09/05/2022,PA2015-1851
SJPB,SP0645,Guarapiranga Golf,SÃO PAULO,-46.781666666666666,-23.7875,VFR Diurna/Noturna,05/04/2022,PA2012-0635
SJQH,SP0650,Hospital de Clínicas Municipal,SÃO BERNARDO DO CAMPO,-46.57777777777778,-23.733055555555556,VFR Diurna/Noturna,29/03/2027,PA2017-0912
SJRQ,SP0654,Hospital São Camilo Pompéia,SÃO PAULO,-46.68833333333333,-23.53388888888889,VFR Diurna/Noturna,14/12/2021,PA2011-2426
SJRZ,SP0656,João Domingues de Araújo,SÃO PAULO,-46.693888888888885,-23.60461111111111,VFR Diurna/Noturna,18/04/2022,PA2014-2479
SJSI,SP0657,Transportadora Americana,SÃO PAULO,-46.73844444444445,-23.514944444444446,VFR Diurna/Noturna,02/06/2021,PA2013-0795
SJSZ,SP0660,Helbor Concept,MOGI DAS CRUZES,-46.17916666666667,-23.516666666666666,VFR Diurna/Noturna,05/06/2025,PA2015-2953
SJTD,SP0661,Plaza JK,SÃO PAULO,-46.684999999999995,-23.590833333333332,VFR Diurna/Noturna,26/03/2023,PA2015-1365
SJTV,SP0663,Tivoli Center,SÃO PAULO,-46.736666666666665,-23.628611111111113,VFR Diurna/Noturna,31/07/2024,PA2014-1764
SJTY,SP0664,Tivoli Mofarrej,SÃO PAULO,-46.655833333333334,-23.56416666666667,VFR Diurna/Noturna,10/12/2022,PA2012-2683
SJUE,SP0665,Ecological Center,BARUERI,-46.875277777777775,-23.535,VFR Diurna,30/06/2025,PA2015-1614
SJWZ,SP0676,E-Tower,SÃO PAULO,-46.69027777777777,-23.593888888888888,VFR Diurna/Noturna,21/03/2022,PA2013-1215
SJVC,SP0669,Vivicon,SÃO PAULO,-46.66722222222222,-23.513055555555557,VFR Diurna/Noturna,07/12/2027,PA2017-3833
SIDL,SP0481,Deus é Amor,SÃO PAULO,-46.624722222222225,-23.555833333333332,VFR Diurna/Noturna,10/10/2023,PA2013-2647
SIFZ,SP0491,Hungria 1100,SÃO PAULO,-46.69430555555555,-23.577861111111112,VFR Diurna/Noturna,26/03/2022,PA2013-1292
SIGK,SP0493,CD Guarulhos,GUARULHOS,-46.44444444444444,-23.446666666666665,VFR Diurna/Noturna,02/05/2023,PA2015-1862
SIGO,SP0495,Condomínio Edifício Paulista Plaza,SÃO PAULO,-46.64180555555556,-23.57361111111111,VFR Diurna/Noturna,26/06/2025,PA2015-1566
SIHD,SP0499,Divena,SÃO PAULO,-46.62222222222222,-23.598333333333333,VFR Diurna/Noturna,17/01/2023,PA2013-0137
SIIH,SP0504,Torre 2000,SÃO PAULO,-46.686388888888885,-23.566583333333334,VFR Diurna/Noturna,10/01/2023,PA2013-0045
SIIR,SP0506,Brascan Century Plaza,SÃO PAULO,-46.675555555555555,-23.584166666666665,VFR Diurna/Noturna,14/11/2024,PA2014-2683
SIJD,SP0510,João Dias,SÃO PAULO,-46.71780555555556,-23.64361111111111,VFR Diurna/Noturna,31/01/2021,PA2013-1213
SIOD,SP0534,DIMEP,SÃO PAULO,-46.744166666666665,-23.529444444444444,VFR Diurna/Noturna,01/03/2026,PA2016-0435
SIJF,SP0511,Edifício Faria Lima Financial Center,SÃO PAULO,-46.68333333333333,-23.58611111111111,VFR Diurna/Noturna,13/09/2020,PA2015-1845
SIJX,SP0513,Internacional Plaza,SÃO PAULO,-46.681666666666665,-23.591388888888886,VFR Diurna/Noturna,12/07/2021,PA2018-2717
SIKC,SP0514,Erik,MAIRIPORÃ,-46.596944444444446,-23.299166666666668,VFR Diurna,26/10/2021,PA2014-2843
SIKD,SP0515,SODEPA,SÃO PAULO,-46.70444444444445,-23.57361111111111,VFR Diurna/Noturna,26/07/2022,PA2014-0066
SIKF,SP0516,Plaza Iguatemi,SÃO PAULO,-46.68666666666666,-23.57675,VFR Diurna/Noturna,25/01/2023,PA2013-0230
SIKT,SP0519,Joaquim Floriano,SÃO PAULO,-46.67111111111111,-23.583055555555557,VFR Diurna/Noturna,06/03/2023,PA2013-0565
SILF,SP0520,New Century,SÃO PAULO,-46.680277777777775,-23.5875,VFR Diurna/Noturna,06/03/2023,PA2013-0572
SILK,SP0521,O Estado de São Paulo,SÃO PAULO,-46.670833333333334,-23.51222222222222,VFR Diurna/Noturna,06/03/2023,PA2013-0579
SILR,SP0523,One Hundred,SÃO PAULO,-46.68416666666666,-23.59472222222222,VFR Diurna/Noturna,06/03/2023,PA2013-0566
SILV,SP0524,VOCP,SÃO PAULO,-46.68888888888888,-23.594444444444445,VFR Diurna/Noturna,14/03/2028,PA2018-0647
SILX,SP0525,Locar,GUARULHOS,-46.483333333333334,-23.47111111111111,VFR Diurna/Noturna,06/05/2025,PA2015-1048
SIMD,SP0526,Resedá Office,SÃO PAULO,-46.67480555555555,-23.582638888888887,VFR Diurna/Noturna,02/05/2023,PA2013-1099
SINE,SP0532,Ibar,POÁ,-46.32972222222222,-23.524166666666666,VFR Diurna/Noturna,24/10/2024,PA2014-2475
SIOW,SP0536,Hospital Alemão Oswaldo Cruz,SÃO PAULO,-46.643055555555556,-23.569444444444443,VFR Diurna/Noturna,13/02/2023,PA2013-0389
SIPI,SP0538,Alphacentro,BARUERI,-46.86222222222222,-23.498055555555556,VFR Diurna/Noturna,14/12/2021,PA2011-2423
SIPZ,SP0541,Papaiz,DIADEMA,-46.61805555555556,-23.67638888888889,VFR Diurna,26/04/2022,PA2013-0880
SIQM,SP0542,Morumbi Corporate,SÃO PAULO,-46.70194444444445,-23.625,VFR Diurna/Noturna,27/03/2025,PA2015-0740
SIRO,SP0545,Maksoud Plaza,SÃO PAULO,-46.651111111111106,-23.563055555555557,VFR Diurna/Noturna,28/09/2021,PA2011-1875
SIRY,SP0547,Hiper-Bergamini,SÃO PAULO,-46.58222222222223,-23.46527777777778,VFR Diurna/Noturna,11/03/2024,PA2014-0548
SIRZ,SP0548,Condomínio Faria Lima - Pinheiros,SÃO PAULO,-46.691111111111105,-23.569444444444443,VFR Diurna/Noturna,19/03/2023,PA2014-0939
SITE,SP0552,Telefônica,SÃO PAULO,-46.64261111111111,-23.56625,VFR Diurna/Noturna,15/05/2023,PA2013-1207
SITK,SP0553,Jomarca,GUARULHOS,-46.48583333333333,-23.46722222222222,VFR Diurna,02/05/2023,PA2013-1101
SITO,SP0554,Berrini One,SÃO PAULO,-46.690555555555555,-23.598333333333333,VFR Diurna/Noturna,18/11/2025,PA2015-3049
SITQ,SP0556,Vivo S/A,SÃO PAULO,-46.69902777777777,-23.62027777777778,VFR Diurna/Noturna,20/06/2022,PA2016-1815
SIUD,SP0558,Monte Horebe,SÃO PAULO,-46.60755555555556,-23.53852777777778,VFR Diurna/Noturna,02/06/2021,PA2013-1322
SIVC,SP0561,Vicente Spisso,VARGEM GRANDE PAULISTA,-47.00055555555556,-23.611111111111114,VFR Diurna,18/07/2023,PA2013-1855
SIXC,SP0571,Embrase,SÃO PAULO,-46.69291666666666,-23.510527777777778,VFR Diurna/Noturna,10/05/2023,PA2013-1159
SIXS,SP0574,EZ Towers A,SÃO PAULO,-46.7025,-23.626944444444444,VFR Diurna/Noturna,01/08/2027,PA2017-2390
SIYT,SP0578,Office Tower Itaim,SÃO PAULO,-46.67944444444444,-23.58111111111111,VFR Diurna/Noturna,02/03/2025,PA2015-0505
SIYU,SP0579,Edifício Ronaldo Sampaio Ferreira,SÃO PAULO,-46.69194444444444,-23.601666666666667,VFR Diurna/Noturna,05/11/2020,PA2010-1960
SIYZ,SP0580,Condomínio Edifício Berrini 1681,SÃO PAULO,-46.69444444444444,-23.61138888888889,VFR Diurna/Noturna,22/08/2023,PA2013-2136
SJAM,SP0588,Estância Lajota,MAIRIPORÃ,-46.571111111111115,-23.248333333333335,VFR Diurna/Noturna,11/05/2021,PA2011-0933
SJAN,SP0589,Grupo Santander Banespa-Panamérica Park,SÃO PAULO,-46.72527777777778,-23.65361111111111,VFR Diurna/Noturna,25/01/2021,PA2013-1512
SJAO,SP0590,Natura,CAJAMAR,-46.83166666666667,-23.404166666666665,VFR Diurna/Noturna,23/07/2025,PA2015-1945
SJBE,SP0593,Ortosíntese,SÃO PAULO,-46.724444444444444,-23.43888888888889,VFR Diurna,24/09/2023,PA2013-2648
SJBG,SP0594,Birmann 31,SÃO PAULO,-46.68194444444444,-23.59,VFR Diurna/Noturna,15/03/2023,PA2013-0679
SJBJ,SP0596,Guancan,COTIA,-46.85138888888889,-23.613055555555558,VFR Diurna/Noturna,23/05/2022,PA2012-1013
SJBO,SP0599,EZ Towers B,SÃO PAULO,-46.70166666666667,-23.627222222222223,VFR Diurna/Noturna,01/08/2027,PA2017-2397
SJCB,SP0602,Classic,SÃO PAULO,-46.73416666666667,-23.51361111111111,VFR Diurna/Noturna,26/08/2021,PA2015-1168
SJEB,SP0612,Millennium Office Park,SÃO PAULO,-46.689722222222215,-23.593055555555555,VFR Diurna/Noturna,09/01/2022,PA2015-0750
SJEI,SP0613,New England,SÃO PAULO,-46.66166666666666,-23.552472222222224,VFR Diurna/Noturna,02/05/2023,PA2013-1098
SJES,SP0615,Main Estate,GUARULHOS,-46.47166666666667,-23.458055555555553,VFR Diurna/Noturna,26/01/2025,PA2015-0171
SJEY,SP0616,Eurofarma Laboratórios S.A,ITAPEVI,-46.96083333333333,-23.51888888888889,VFR Diurna/Noturna,22/08/2023,PA2015-1613
SJRM,SP0653,Monte das Oliveiras,SANTO ANDRÉ,-46.520833333333336,-23.665555555555553,VFR Diurna/Noturna,20/09/2021,PA2016-0445
SJGM,SP0619,Quadra Hungria,SÃO PAULO,-46.69611111111111,-23.575,VFR Diurna/Noturna,03/11/2021,PA2011-2122
SJII,SP0626,Silva Jardim,SÃO BERNARDO DO CAMPO,-46.546861111111106,-23.713277777777776,VFR Diurna/Noturna,15/10/2028,PA2018-3095
SJIW,SP0628,Helicenter Alphaville,SANTANA DE PARNAÍBA,-46.82833333333333,-23.474999999999998,VFR Diurna/Noturna,13/09/2022,PA2015-2398
SDTM,SP0425,Crystal Tower,BARUERI,-46.85277777777778,-23.493333333333336,VFR Diurna/Noturna,,
SJFC,SP0617,Federação do Comércio do Estado de São Paulo,SÃO PAULO,-46.65277777777778,-23.558333333333334,VFR Diurna/Noturna,,
SDSN,SP0417,São Luiz,SÃO PAULO,-46.68666666666666,-23.590555555555554,VFR Diurna/Noturna,,
SDWT,SP0442,World Trade Center,SÃO PAULO,-46.69622222222222,-23.609166666666667,VFR Diurna/Noturna,,
SDDG,SP0308,Hospital Samaritano,SÃO PAULO,-46.662388888888884,-23.538611111111113,VFR Diurna/Noturna,14/06/2021,PA2011-1168
SDUT,SP0432,Hotel Transamérica,SÃO PAULO,-46.72277777777778,-23.650805555555554,VFR Diurna/Noturna,30/12/2021,PA2011-2621
SSAW,SP0743,West Gate,BARUERI,-46.84805555555556,-23.502777777777776,VFR Diurna,01/03/2026,PA2016-0442
SSBH,SP0744,Edifício Berrini 500,SÃO PAULO,-46.69222222222222,-23.601111111111113,VFR Diurna/Noturna,09/03/2025,PA2015-0589
SSCS,SP0745,Continental Square,SÃO PAULO,-46.684,-23.595777777777776,VFR Diurna/Noturna,04/03/2023,PA2013-1033
SSEJ,SP0747,Moinho Velho,EMBU DAS ARTES,-46.84666666666667,-23.626944444444444,VFR Diurna/Noturna,05/10/2020,PA2010-1693
SSFR,SP0748,18 do Forte Empresarial,BARUERI,-46.85666666666667,-23.483888888888888,VFR Diurna/Noturna,26/01/2025,PA2015-0184
SSHJ,SP0750,JC,OSASCO,-46.782222222222224,-23.53388888888889,VFR Diurna/Noturna,23/03/2027,PA2017-0839
SSIL,SP0752,Blau Farmacêutica,COTIA,-46.897777777777776,-23.598055555555554,VFR Diurna/Noturna,05/12/2021,PA2016-2431
SSOA,SP0764,Blue Tree Tower Faria Lima,SÃO PAULO,-46.68083333333333,-23.59111111111111,VFR Diurna/Noturna,14/05/2022,PA2013-1095
SSOV,SP0766,Icon Alphaville,BARUERI,-46.84805555555556,-23.49277777777778,VFR Diurna/Noturna,07/11/2024,PA2014-2631
SSPQ,SP0768,Hospital da Polícia Militar,SÃO PAULO,-46.61944444444445,-23.470277777777778,VFR Diurna/Noturna,05/09/2027,PA2017-2987
SSQE,SP0770,TV Mundial I,SÃO PAULO,-46.708333333333336,-23.568055555555556,VFR Diurna/Noturna,13/02/2023,PA2013-0390
SSQV,SP0771,UNICID - Universidade Cidade de São Paulo,SÃO PAULO,-46.559444444444445,-23.53611111111111,VFR Diurna/Noturna,29/05/2023,PA2013-1392
SSQY,SP0774,Centro Empresarial de São Paulo,SÃO PAULO,-46.72777777777778,-23.65111111111111,VFR Diurna/Noturna,11/07/2022,PA2014-3142
SSUB,SP0779,HBR,OSASCO,-46.78111111111111,-23.47861111111111,VFR Diurna/Noturna,22/11/2023,PA2013-2998
SSUN,SP0783,Terminal Petrobrás de Guarulhos,GUARULHOS,-46.447222222222216,-23.470555555555553,VFR Diurna,11/02/2025,PA2014-0325
SSVH,SP0786,Henri Dunant,SÃO PAULO,-46.698611111111106,-23.627222222222223,VFR Diurna/Noturna,27/09/2027,PA2017-3169
SSWD,SP0788,Plaza II,SÃO PAULO,-46.69611111111111,-23.611111111111114,VFR Diurna/Noturna,08/04/2021,PA2015-2221
SSXE,SP0856,Monumental Business,SÃO CAETANO DO SUL,-46.56927777777778,-23.61463888888889,VFR Diurna/Noturna,,
SSYH,SP0791,Hospital Autódromo José Carlos Pace,SÃO PAULO,-46.695277777777775,-23.7,VFR Diurna/Noturna,13/11/2022,PA2012-2426
SSZE,SP0792,Banco Sofisa,SÃO PAULO,-46.655833333333334,-23.56277777777778,VFR Diurna/Noturna,16/09/2021,PA2011-1768
SSZJ,SP0793,Semp Toshiba Jordanésia,CAJAMAR,-46.83722222222222,-23.331666666666667,VFR Diurna/Noturna,26/07/2022,PA2012-1502
SWAB,SP0794,Bradesco Previdência,BARUERI,-46.85666666666667,-23.486666666666668,VFR Diurna/Noturna,02/03/2025,PA2015-0507
SWCK,SP0795,WEST CORP,BARUERI,-46.85111111111111,-23.501666666666665,VFR Diurna/Noturna,24/01/2028,PA2018-0100
SWEG,SP0802,Engevix,BARUERI,-46.82775,-23.502472222222224,VFR Diurna/Noturna,17/10/2022,PA2013-1289
SWGM,SP0804,Panco Guararema,GUARAREMA,-46.14355555555556,-23.337027777777777,VFR Diurna/Noturna,28/11/2024,PA2014-2844
SWHH,SP0808,Banco Santander ,SÃO PAULO,-46.69083333333333,-23.590833333333332,VFR Diurna/Noturna,19/10/2021,PA2018-2150
SWHW,SP0811,Helbor Tower,MOGI DAS CRUZES,-46.19638888888888,-23.52361111111111,VFR Diurna,23/07/2023,PA2013-1888
SWHX,SP0812,Conjunto Hospitalar do Mandaqui,SÃO PAULO,-46.63055555555555,-23.485,VFR Diurna/Noturna,06/03/2023,PA2013-0564
SWND,SP0818,Tamboré,BARUERI,-46.825833333333335,-23.509722222222223,VFR Diurna,11/07/2022,PA2012-1386
SWNI,SP0819,Hospital e Maternidade Santa Marina,SÃO PAULO,-46.65277777777778,-23.65694444444444,VFR Diurna/Noturna,18/08/2025,PA2015-2202
SWOP,SP0821,APTA,SÃO BERNARDO DO CAMPO,-46.59277777777778,-23.768055555555556,VFR Diurna/Noturna,29/01/2025,PA2015-0214
SWOU,SP0822,Rede Globo 2,SÃO PAULO,-46.69833333333333,-23.615000000000002,VFR Diurna/Noturna,09/11/2022,PA2012-2379
SJBP,SP0600,Atrium VI.com,SÃO PAULO,-46.687555555555555,-23.595527777777775,VFR Diurna/Noturna,06/06/2022,PA2013-0803
SWQV,SP0826,Volkswagen,SÃO BERNARDO DO CAMPO,-46.54972222222222,-23.729527777777776,VFR Diurna/Noturna,11/09/2024,PA2014-2121
SWRV,SP0828,Rochaverá - Alfa,SÃO PAULO,-46.700500000000005,-23.62263888888889,VFR Diurna/Noturna,30/01/2023,PA2015-0377
SWSK,SP0829,Akron,SÃO PAULO,-46.60583333333334,-23.609166666666667,VFR Diurna,26/10/2027,PA2017-3477
SWTE,SP0831,WEST SIDE,BARUERI,-46.849444444444444,-23.503611111111113,VFR Diurna/Noturna,01/07/2023,PA2013-1659
SWTF,SP0832,Friboi,SÃO PAULO,-46.73111111111111,-23.51361111111111,VFR Diurna/Noturna,23/02/2026,PA2016-0358
SWUS,SP0835,Cacau Show,ITAPEVI,-46.96541666666667,-23.51833333333333,VFR Diurna/Noturna,17/10/2022,PA2013-1034
SNSQ,SP0730,Centro Empresarial Nações Unidas-Torre Norte,SÃO PAULO,-46.69638888888888,-23.610277777777778,VFR Diurna/Noturna,29/11/2022,PA2012-2592
SNSZ,SP1222,Miss Silvia Morizono,SÃO PAULO,-46.68111111111111,-23.592222222222222,VFR Diurna/Noturna,,
SDSZ,SP0421,Banco Safra,SÃO PAULO,-46.65972222222222,-23.558055555555555,VFR Diurna/Noturna,10/12/2029,PA2019-3703
SDZT,SP0461,Pravda,BARUERI,-46.84627777777778,-23.49727777777778,VFR Diurna/Noturna,04/03/2023,PA2018-3317
SNTN,SP0732,Gama,BARUERI,-46.85583333333334,-23.484722222222224,VFR Diurna/Noturna,24/01/2021,PA2011-0121
SIBM,SP0468,Hangar ABC,SÃO CAETANO DO SUL,-46.58027777777778,-23.616944444444446,VFR Diurna/Noturna,08/11/2020,PA2010-1962
SNQH,SP0723,Wheaton,SÃO BERNARDO DO CAMPO,-46.56711111111112,-23.715166666666665,VFR Diurna/Noturna,02/05/2029,PA2019-1226
SIGZ,SP0498,Represa,SÃO PAULO,-46.69894444444444,-23.61711111111111,VFR Diurna/Noturna,20/08/2022,PA2013-1023
SSUO,SP0784,Unifly,ARUJÁ,-46.330555555555556,-23.40861111111111,VFR Diurna/Noturna,20/09/2021,PA2011-1802
SDTJ,SP0424,Edifício Atrium  V,SÃO PAULO,-46.68444444444444,-23.59583333333333,VFR Diurna/Noturna,24/09/2023,PA2013-2472
SSIK,SP0751,VIVO,SANTANA DE PARNAÍBA,-46.85777777777778,-23.46563888888889,VFR Diurna/Noturna,25/01/2022,PA2013-1208
SIHK,SP0500,Hospital Santa Catarina,SÃO PAULO,-46.64555555555555,-23.56888888888889,VFR Diurna/Noturna,06/03/2023,PA2013-1511
SWYD,SP0841,Spazio Faria Lima,SÃO PAULO,-46.68222222222222,-23.585277777777776,VFR Diurna/Noturna,26/03/2022,PA2012-0541
SWNX,SP0871,Tek Nações Unidas,SÃO PAULO,-46.70202777777778,-23.616861111111113,VFR Diurna/Noturna,,
SDEU,SP0320,Empresarial Anhanguera,CAJAMAR,-46.83166666666667,-23.384722222222223,VFR Diurna,20/08/2022,PA2012-1666
SWMF,SP0816,Higienópolis Medical Center,SÃO PAULO,-46.65861111111111,-23.55,VFR Diurna/Noturna,20/05/2023,PA2014-1552
SJSL,SP0658,Hospital Sírio Libanês II,SÃO PAULO,-46.653055555555554,-23.557222222222222,VFR Diurna/Noturna,20/03/2025,PA2015-0680
SIEP,SP0484,Riachuelo/Matriz,SÃO PAULO,-46.646388888888886,-23.50111111111111,VFR Diurna/Noturna,07/10/2023,PA2013-2600
SDLF,SP0381,SBT,OSASCO,-46.778055555555554,-23.476666666666667,VFR Diurna/Noturna,13/03/2025,PA2019-1530
SSPK,SP0767,Panco 8,SÃO PAULO,-46.58527777777778,-23.430833333333336,VFR Diurna,16/09/2024,PA2019-1526
SWEL,SP0849,Limão,SÃO PAULO,-46.680638888888886,-23.505583333333334,VFR Diurna/Noturna,,
SDJU,SP0367,Hospital São Luiz,SÃO PAULO,-46.67305555555555,-23.590555555555554,VFR Diurna/Noturna,06/03/2023,PA2019-1680
SDTG,SP0423,Edifício Atrium IV,SÃO PAULO,-46.68666666666666,-23.593055555555555,VFR Diurna/Noturna,24/09/2023,PA2019-44
SDJW,SP0368,Rede D'Or São Luiz Morumbi,SÃO PAULO,-46.70333333333333,-23.590833333333332,VFR Diurna/Noturna,06/03/2023,PA2016-3638
SJUN,SP0861,São Fernando Golf Club,COTIA,-46.878194444444446,-23.572222222222223,VFR Diurna,,
SDKD,SP0370,Condomínio América Business Park,SÃO PAULO,-46.70305555555556,-23.61861111111111,VFR Diurna/Noturna,15/02/2022,PA2016-0303
SJWC,SP0672,Cometa Vila Maria,SÃO PAULO,-46.57916666666667,-23.51722222222222,VFR Diurna/Noturna,20/11/2024,PA2014-2730
SJWJ,SP0673,HPE,SÃO PAULO,-46.70305555555556,-23.67,VFR Diurna/Noturna,07/03/2022,PA2016-2756
SJXP,SP0678,Alice Maria Sampaio Ferreira,SÃO PAULO,-46.69416666666666,-23.608611111111113,VFR Diurna/Noturna,26/03/2022,PA2012-0543
SJYN,SP0681,Centro Empresarial Araguaia II - CEA II,BARUERI,-46.840833333333336,-23.501944444444444,VFR Diurna/Noturna,02/07/2021,PA2016-0984
SJZU,SP0686,Seculum,SÃO PAULO,-46.68388888888889,-23.583888888888886,VFR Diurna/Noturna,04/10/2022,PA2012-2010
SJZY,SP0688,Centro Administrativo Rio Negro,BARUERI,-46.84861111111111,-23.500555555555554,VFR Diurna/Noturna,23/07/2025,PA2015-1947
SNAZ,SP0690,Amazônia,BARUERI,-46.849722222222226,-23.49277777777778,VFR Diurna/Noturna,15/03/2027,PA2017-0638
SNBQ,SP0692,Bela Cintra,SÃO PAULO,-46.65861111111111,-23.55388888888889,VFR Diurna/Noturna,06/01/2021,PA2014-1763
SNDK,SP0694,C.T.O. Itaú,SÃO PAULO,-46.61555555555556,-23.55777777777778,VFR Diurna/Noturna,28/02/2022,PA2012-0378
SNDM,SP0695,Karina,GUARULHOS,-46.43472222222222,-23.44,VFR Diurna/Noturna,02/06/2021,PA2011-1108
SIGV,SP0497,Rede Record,SÃO PAULO,-46.662527777777775,-23.52375,VFR Diurna/Noturna,14/02/2029,PA2019-0381
SNHL,SP0703,Ama,ARUJÁ,-46.308611111111105,-23.383333333333333,VFR Diurna/Noturna,24/09/2023,PA2013-2466
SNHV,SP0705,Vaska,GUARULHOS,-46.40833333333333,-23.38861111111111,VFR Diurna/Noturna,11/11/2020,PA2010-2027
SNIA,SP0706,Arujá,ARUJÁ,-46.35444444444445,-23.394166666666667,VFR Diurna,23/12/2025,PA2015-3391
SDUJ,SP0431,Millennium,SÃO PAULO,-46.68333333333333,-23.583166666666667,VFR Diurna/Noturna,04/10/2022,PA2013-0796
SNID,SP0707,Instituto Dr. Arnaldo,SÃO PAULO,-46.67805555555555,-23.55611111111111,VFR Diurna/Noturna,04/07/2022,PA2012-1330
SNJS,SP0708,Júlio Simões - Matriz,MOGI DAS CRUZES,-46.23144444444445,-23.541722222222223,VFR Diurna/Noturna,23/12/2025,PA2015-3390
SNLR,SP0713,Itautec,SÃO PAULO,-46.57222222222222,-23.53111111111111,VFR Diurna/Noturna,19/11/2022,PA2012-2497
SNMY,SP0716,Medic Life,BARUERI,-46.856944444444444,-23.485,VFR Diurna/Noturna,21/09/2021,PA2011-1790
SNNI,SP0718,HTO - Horto da Paz,ITAPECERICA DA SERRA,-46.88583333333333,-23.72833333333333,VFR Diurna,20/07/2022,PA2013-2514
SNPH,SP0720,Rei da Pamonha,SÃO PAULO,-46.75694444444444,-23.445,VFR Diurna/Noturna,09/08/2023,PA2013-2028
SNQC,SP0722,IGESP,SÃO PAULO,-46.65083333333333,-23.561111111111114,VFR Diurna,12/08/2021,PA2011-1531
SNRE,SP0725,Ellece,GUARULHOS,-46.43277777777777,-23.47222222222222,VFR Diurna/Noturna,17/05/2026,PA2016-1205
SNRW,SP0729,Reik Morumbi,SÃO PAULO,-46.70722222222223,-23.597777777777775,VFR Diurna,18/04/2028,PA2018-1216
SNVT,SP0734,Pires do Rio,SÃO CAETANO DO SUL,-46.54666666666667,-23.61527777777778,VFR Diurna,09/11/2022,PA2012-2378
SNWW,SP0736,Paradise Golf,MOGI DAS CRUZES,-46.25861111111111,-23.590555555555554,VFR Diurna/Noturna,28/02/2022,PA2016-1954
SNXJ,SP0737,Juscelino Plaza,SÃO PAULO,-46.67552777777777,-23.58911111111111,VFR Diurna/Noturna,01/03/2022,PA2013-0874
SDAC,SP0286,Aché,GUARULHOS,-46.52222222222222,-23.47472222222222,VFR Diurna/Noturna,,
SWCX,SP0866,Icon Realty Cajamar,CAJAMAR,-46.84283333333334,-23.37611111111111,VFR Diurna/Noturna,24/07/2030,PA2020-1712
SSQX,SP0773,Frei Caneca Shopping,SÃO PAULO,-46.65277777777778,-23.55388888888889,VFR Diurna/Noturna,08/08/2021,PA2016-0595
SDJY,SP0369,Paulista Capital Plaza - The Flat,SÃO PAULO,-46.646388888888886,-23.571666666666665,VFR Diurna/Noturna,,
